,question,id,normalized_aliases,category,judgment,reasoning,model_short_answer,em,f1
0,Wolf Mankowitz wrote the 1953 novel ‚ÄòA Kid For Two‚Ä¶.‚Äôwhat‚Äô?,qb_2689,"['farthings', 'farthing', 'farthing disambiguation', 'farthing coin']",Undetermined lexicons or references,underspecified,"The request is underspecified because the phrase ‚Äúwhat‚Äô? ‚Äù is incomplete and lacks a clear referent. The question appears to be cut off, making it impossible to determine the intended meaning or the specific information being asked for.","['*   ""Farthings""']",1,1.0
1,"When Mr Benn was looking for an adventure, what type of shop did he visit?",qz_4047,['fancy dress shop'],Undetermined lexicons or references,underspecified,"The request is underspecified because the referent ‚ÄúMr Benn‚Äù is ambiguous. It could refer to the character Mr. Benn from Jane Austen's Pride and Prejudice, or it could refer to a different Mr. Benn from another context, such as a character in a movie, book, or game. Without clarification, the question remains underspecified.",['*   Fancy dress shop'],1,1.0
2,What was made and repaired by a Wainwright?,qf_1928,"['wagon', 'front axle assembly', 'wagon vehicle', 'horse drawn wagon', 'waggon', 'farm wagon', 'delivery wagon', 'wagons', 'circus wagon']",Undetermined lexicons or references,underspecified,"The request is underspecified because the term ""Wainwright"" lacks a clear, established referent without additional context. It could refer to a person, a company, or a specific type of item or process, but without clarification, the question remains ambiguous. The referent is not uniquely identifiable, making the query underspecified.",['*   Wagons\n*   Wheeled vehicles'],0,0.5
3,Which company produced the Hastings and Herald aircraft?,sfq_21619,"['handley page aircraft company', 'o 100 and o 400 handley page', 'handley page slat', 'handley page reading', 'handley page o 100 and o 400', 'handley page limited', 'handley page ltd', 'handley page']",Undetermined lexicons or references,underspecified,"The request is underspecified because the term ""Hastings and Herald aircraft"" is not a recognized or standard reference in aviation history, and the referent is unclear. Without additional context or clarification on the specific aircraft model or manufacturer, the question lacks a clear referent and cannot be definitively answered.",['*   Handley Page'],1,1.0
4,What was the name of the Prime Minister of Egypt who was assassinated in 1910?,qb_1448,"['boutros ghali pasha', 'boutros pasha ghali', 'boutros ghali']",Undetermined lexicons or references,underspecified,"The request is underspecified because the term ‚ÄúEgypt‚Äù can refer to multiple parallel historical entities, such as the ancient Egyptian civilization, the modern Republic of Egypt, or the Ottoman-era Egypt. Without specifying which historical context is intended, the referent remains ambiguous.",['*   Boutros Ghali'],1,1.0
5,Who was the UK Poet Laureate or the longest period?,sfq_16378,"['alfred tennyson', 'lord tennyson', 'tennyson poet', 'lord tennyson alfred', 'tennysonian', 'alfred lord tennyson', 'tennyson', 'alfred lord tennison', 'tennyson alfred 1st lord', 'alfred tennyson tennyson', 'lord alfred tennyson', 'alfred tennyson lord tennyson', 'baron alfred tennyson', 'alfred tennyson 1st baron tennyson']",Undetermined lexicons or references,underspecified,"The request is underspecified because the phrase ‚ÄúUK Poet Laureate‚Äù can refer to multiple parallel entities, such as the Poet Laureate of the United Kingdom or the Poet Laureate of the United Kingdom of Great Britain and Northern Ireland. Additionally, the phrase ‚Äúthe longest period‚Äù is ambiguous, as it could refer to the longest tenure of a Poet Laureate or the longest period of time that the position has existed. Both factors make the question underspecified.","['*   Alfred, Lord Tennyson']",1,1.0
6,By what first name is West Indian cricketer Sarwan known?,odql_13385,['ramnaresh'],Undetermined lexicons or references,underspecified,"The request is underspecified because the term ""Sarwan"" is not a widely recognized or standardized name in cricket, and there is no clear referent for a ""West Indian cricketer"" known by the first name ""Sarwan."" Without additional context or clarification, the question lacks a definitive referent or standard, making it ambiguous.",['*   Ramnaresh'],1,1.0
7,'Yellow River' was a May 1970 No.1 for who?,qf_85,"['christie disambiguation', 'christie']",Undetermined lexicons or references,underspecified,"The request is underspecified because the phrase ‚ÄúNo.1‚Äù can refer to multiple parallel referents, such as the top-selling single in the UK, the top-selling single in the US, or the top-selling single in a different country. Without specifying the country or region, the referent remains ambiguous.",['*   Christie'],1,1.0
8,What is the principal charity for single parent families in the UK?,sfq_20339,"['gingercake', 'pierniki', 'gingerbread', 'ginger cake', 'gingerbread cookie', 'ginger breads', 'gingerbreads', 'ginger bread']",Undetermined standard or preference,underspecified,"The request is underspecified because the term ‚Äúprincipal‚Äù is ambiguous in this context. It could refer to the primary or most significant charity, but without additional context, it is unclear whether the user is asking for the leading charity, the most well-known one, or the one with the largest funding. Additionally, the term ‚Äúsingle parent families‚Äù is broad and could refer to different groups with varying needs, which might influence the choice of charity. Both factors make the question underspecified.",['*   Gingerbread'],1,1.0
9,Who were the first League Cup winners,bt_4210,"['aston villa fc', 'avfc', 'aston villa football club', 'aston villa', 'aston villa f c', 'villa football club', 'aston vil', 'aston villa hall of fame', 'villa news and record']",Missing necessary components,underspecified,"The request is underspecified because the term ""League Cup"" can refer to multiple parallel competitions across different countries or leagues (e.g., EFL League Cup in England, League Cup in Spain, or other regional variants). Without specifying which competition is intended, the referent remains ambiguous and the question cannot be accurately answered.",['*   Aston Villa'],1,1.0
10,The existance of which planet was mathematically,odql_206,['neptune'],Missing necessary components,underspecified,"The request is underspecified because the phrase ""mathematically"" is incomplete, and the question lacks the necessary component to identify the specific planet or context of its mathematical discovery. The sentence is cut off, leaving the referent ambiguous and the question incomplete.",['*   Neptune'],1,1.0
11,On a motorway what is the speed limit for a car towing a caravan?,dpql_345,"['60 mph', '60 speed', 'sixty speed']",Missing necessary components,underspecified,"The request is underspecified because it does not clarify the jurisdiction (country or region) where the speed limit applies, as regulations vary significantly across different legal systems. Additionally, the term ""car towing a caravan"" could refer to different configurations (e.g., a motorhome with a caravan, a car pulling a caravan), which may have different rules in specific jurisdictions. Without specifying the location or exact context, the question lacks necessary components to provide an accurate answer.",['*   60 mph'],1,1.0
12,In which city was the wheelchair bound Robert Ironside Chief of detectives?,dpql_5620,"['san francisco city and county', 'mckinley elementary school san francisco', 'san francisco california u s', 'san fransciso', 'city by bay', 'friscoe', 'climate of san francisco', 'san francisco calif', 'san francisco california us', 'san francisco usa', 'weather in san francisco', 'san franciso', 'san francisco us ca', 'county of san francisco', 'san franscisco', 'san franciscan', 'county of san francisco california', 'san fran california', 'san francisco ca united states', 'city that knows how', 'san francisco california usa', 'un locode ussfo', 'san fransico', 'baking arts', 'san francisco united states', 'san fran', 'city county of san francisco', 'sanchez street', 'san fransico county california', 'san pancho', 'baghdad by bay', 'san fransisco', 'sanfracisco', 'more reading about san francisco', 'san francisco county ca', 'san fransisco ca', 'demographics of san francisco', 'city and county of san francisco california', 'san fransico california', 'crime in san francisco', 'san francisco ca', 'san francisco', 'san francisco california', 'city and county of san francisco', 'city of san francisco california', 'san francisco radio stations', 'sf ca', 'mclaren california', 'old gold mountain', 'san franciscans', 'san francisco united states of america', 'city of san francisco', 'san fransisco california', 'san francisco california united states', 'san francisco county', 'radio stations in san francisco', 'san francisco county california', 'hamlin school']",Undetermined lexicons or references,underspecified,"The request is underspecified because the referent ""Robert Ironside"" is not clearly identified as a real person, fictional character, or specific entity. Additionally, the term ""wheelchair bound"" introduces a potential misinterpretation or error, as it may not align with the actual role or background of the individual in question. Without clarifying the context or verifying the referent, the question remains ambiguous.",['*   San Francisco'],1,1.0
13,Which month of the year came second in the Roman calendar?,sfq_10001,"['„ãÉ', 'april month', 'april', 'aprill', 'cruellest month', '31 april', 'april 31', 'apr', 'mali traven', '–∞–ø—Ä–µ–ª—å']",Undetermined lexicons or references,underspecified,"The request is underspecified because the term ""Roman calendar"" can refer to multiple historical versions (e.g., the original 10-month calendar or the Julian calendar), each with different month orderings. Without clarifying which version is intended, the referent remains ambiguous.",['*   April'],1,1.0
14,"Which businessman on his elevation to the House of Lords, by Gordon Brown, in 2000, took the title Baron of Clapton?",sfq_22210,"['sir alan sugar', 'alan michael sugar', 'sir alan michael sugar', 'lord alan sugar', 'suralan', 'sir alan sugar baron sugar', 'alan michael sugar baron sugar', 'alan sugar', 'sir alan', 'amscreen', 'lord sugar', 'barron sugar of clapton', 'baron sugar', 'amsair', 'barron sugar', 'baron sugar of clapton', 'alan sugar baron sugar', 'alan sugar baron sugar of hackney']",Undetermined lexicons or references,underspecified,"The request is underspecified because the phrase ‚Äúby Gordon Brown, in 2000‚Äù contains factual inaccuracies (Gordon Brown was not Prime Minister in 2000; Tony Blair was). Additionally, the referent ‚ÄúBaron of Clapton‚Äù is tied to Sir David Rose, a businessman, but the timeline (2000) conflicts with the actual creation of the title in 1997. The question combines conflicting details, making the referent ambiguous without clarification.",['*   Alan Sugar'],1,1.0
15,Who created the ‚ÄòA‚Äô Line in 1955?,dpql_1384,"['jacques benita', 'dior monsieur', 'christian dior']",Undetermined lexicons or references,underspecified,"The request is underspecified because the term ‚Äúthe ‚ÄòA‚Äô Line‚Äù is not clearly defined or recognized in historical or cultural contexts, making it impossible to determine the referent. Without additional context or clarification about what the ‚ÄúA Line‚Äù refers to (e.g., a product, concept, or event), the question lacks a clear referent or standard.",['*   Christian Dior'],1,1.0
16,"Name the year in which Driving Miss Daisy won the Best Picture Oscar, Mikhail Gorbachev is elected as the first executive President of the Soviet Union and Iraq invaded Kuwait?",sfq_22152,"['one thousand nine hundred and ninety', '1990']",Undetermined lexicons or references,underspecified,"The request is underspecified because it asks for a single year that encompasses multiple unrelated historical events, which are not all occurring in the same year. The question is structurally impossible to answer as it requires a year that satisfies multiple distinct historical facts, which are not aligned in time.",['*   1990'],1,1.0
17,Chi is the Chinese year of what?,qf_96,"['cock', 'cock disambiguation', 'cocks']",Undetermined lexicons or references,underspecified,"The request is underspecified because the term ""Chi"" is not a recognized zodiac animal in the traditional Chinese 12-year cycle. The user may be referring to a mistranslation, misspelling, or confusion with the Chinese zodiac signs (e.g., ""Dragon"" or ""Rabbit""). Without clarification, the referent remains ambiguous, and the question cannot be answered definitively.",['*   Rooster'],0,0.0
18,What is the name of the Maltese physician and psychologist who coined the term ‚ÄúLateral Thinking‚Äù in the 1960s?,sfq_25255,"['handbook for positive revolution', 'masterthinker s handbook', 'edward de bono', 'edward debono', 'dr edward de bono']",Undetermined lexicons or references,underspecified,"The request is underspecified because the term ""Maltese physician and psychologist"" does not align with the historical fact that the term ""lateral thinking"" was coined by Edward de Bono, a British psychologist, not a Maltese individual. The referent is incorrect, and the question contains a lexical inaccuracy, making it impossible to provide a valid answer based on the given constraints.",['*   Edward de Bono'],1,1.0
19,Who played Brad Pitt‚Äôs wife Theresa Mills in the film ‚ÄòSeven‚Äô?,qb_5371,"['gwynyth paltrow', 'gweneth paltrow', 'gwynneth paltrow', 'gwneth paltrow', 'gwyneth paltro', 'gwenneth paltrow', 'gwennyth paltrow', 'apple martin', 'gwynnyth paltrow', 'goop com', 'gwyneth k paltrow', 'gwenyth paltrow', 'apple blythe alison martin', 'gwyneth paltrow', 'gwyneth kate paltrow']",Undetermined lexicons or references,underspecified,"The request is underspecified because the character ""Theresa Mills"" is not a recognized character in the 1995 film *Seven* (starring Brad Pitt as John Doe). The film features characters like Veruca Salt (played by Method Man) and John Doe, but ""Theresa Mills"" does not exist in the movie‚Äôs cast or plot. This discrepancy makes the referent invalid, leaving the question underspecified.",['*   Gwyneth Paltrow'],1,1.0
20,Which of the London Livery Companies is first in order of preference?,odql_11103,"['mercers guild', 'mercers hall', 'mercers company', 'worshipful company of mercers', 'mercers']",Undetermined standard or preference,underspecified,"The request is underspecified because the term ‚Äúorder of preference‚Äù is subjective and depends on the criteria used to rank the Livery Companies (e.g., historical significance, influence, or alphabetical order). Without clarifying the standard or preference, the question lacks a definitive answer.","[""*   The Mercers' Company""]",1,1.0
21,"Which future Hollywood star got her break as Wonder Girl, Wonder Woman's sister Drusilla?",tc_1606,"['deborah winger', 'debra winger', 'mary debra winger']",Undetermined lexicons or references,underspecified,"The request is underspecified because the term ""Wonder Girl"" and ""Drusilla"" are not clearly aligned in the DC Universe. Drusilla is not a widely recognized character in the main DC canon, and the phrase ""Wonder Woman's sister"" introduces ambiguity. Additionally, the question conflates fictional characters with a ""future Hollywood star,"" which lacks a clear referent or context. Without clarification on the specific character or source material, the question remains underspecified.",['*   Debra Winger'],1,1.0
22,The ancient pre-scientific system of classifying all universal matter as Water/Air/Fire/Earth/Aether is called the Classical?,bb_6777,"['elements disambiguation', 'elements', 'elements mike oldfield disambiguation', 'element', 'elements mike oldfield', 'elenent', 'elements album', 'element disambiguation']",Undetermined lexicons or references,underspecified,"The request is underspecified because the term ""Classical"" is not the standard name for the ancient system of classifying matter into Water, Air, Fire, Earth, and Aether. The correct term is typically ""Four Elements"" (Earth, Water, Air, Fire) or ""Aristotelian Elements,"" with Aether sometimes added as a fifth element in certain philosophical systems. The phrase ""Classical"" introduces ambiguity, as it could refer to different frameworks (e.g., classical physics, classical philosophy), and the question lacks clarity on whether Aether is part of the system or if the term ""Classical"" is a misnomer.",['*   Classical Elements'],0,0.6666666667000001
23,What is the name of the local pub in Heartbeat,bt_1890,['aidensfield arms'],Undetermined lexicons or references,underspecified,"The request is underspecified because the term ""Heartbeat"" is not clearly defined. It could refer to a fictional location, a real-world town, or a metaphorical concept, leaving the referent ambiguous. Without specifying the exact location or context, the question cannot be resolved definitively.",['*   The Aidensfield Arms'],1,1.0
24,"Produced between 1970 and 1974, what is a Bond Bug?",qz_5236,"['automobilism', 'automobil', 'cars', 'passenger vehicles', 'autos', 'environmental impact of automobiles', 'automobile', 'motorization', 'üöó', 'motor car', 'automobiles', 'üöò', 'car', 'automobles', 'motorcar', 'car automobile', 'm1 vehicle', 'self rolling carriage', 'cardoor', 'ottomobile', 'passenger vehicle', 'motorisation', 'self propelling carriage', 'automotive vehicle', 'environmental impact of cars']",Undetermined lexicons or references,underspecified,"The request is underspecified because the term ""Bond Bug"" is not a widely recognized or standard reference, and its meaning depends on contextual interpretation. Without additional clarification (e.g., whether it refers to a product, a term from a specific industry, or a slang term), the referent remains ambiguous. The time frame (1970‚Äì1974) provides some context but does not resolve the ambiguity of the term itself.","['*   A small, three-wheeled, two-seater microcar.\n*   Known for its distinctive wedge shape and bright orange color.\n*   Produced by Reliant in the UK.']",0,0.0
25,"Toothpaste, turtle, oxblood, oilie/oily, ade, and swirly are types of what?",bb_2997,"['goti marbles in hindi', 'aggie marble', 'marble toy', 'cat s eye marble', 'keepsies', 'marbles game', 'tom bowler', 'marble collecting', 'marbles']",Undetermined lexicons or references,underspecified,"The request is underspecified because the terms listed (toothpaste, turtle, oxblood, oilie/oily, ade, swirly) do not form a coherent category or class, and the question lacks a clear referent or context to determine what they have in common. Without additional information, the question remains underspecified.",['*   Marbles'],1,1.0
26,"Which Bond villain has been played by Telly Savalas, Donald Pleasance, Charles Gray, and Max Von Sydow?",bb_7936,"['dr blofeld', 'blofeld', 'blofeldian', 'blofeld trilogy', 'dr guntram shatterhand', 'ernst stavro blofeld', 'ernst blofeld']",Undetermined lexicons or references,underspecified,"The request is underspecified because the phrase ""Bond villain"" can refer to multiple parallel entities across different films, and the question lists four distinct actors who played different villains. There is no single Bond villain that all four actors have played, making the referent ambiguous. The question assumes a singular referent that does not exist, leading to an underspecified query.",['*   Ernst Stavro Blofeld'],1,1.0
27,"Which word can be a golf term, a Space vehicle or a one time boy's comic?",sfq_15164,"['eagle', 'eagles', 'aquilinae', 'king of air', 'hawk eagle', 'kitpu', 'eagle spirit', 'harpy zoology', 'booted eagles group', 'eagle symbolism']",Undetermined lexicons or references,underspecified,"The request is underspecified because the term ‚Äúboy's comic‚Äù is not a standard or recognized term in the context of comics, and the question lacks clarity on the specific referent or the intended meaning of the phrase. The question is ambiguous and requires further clarification to determine the correct answer.",['*   Eagle'],1,1.0
28,James Gandolfini plays the sadistic military prison commandant Colonel Winter in which 2001 film starring Robert Redford?,qb_4289,['last castle'],Undetermined lexicons or references,underspecified,"The request is underspecified because the referent ""the 2001 film starring Robert Redford"" is ambiguous. While Robert Redford has appeared in multiple films, the specific 2001 film with James Gandolfini as Colonel Winter is not a widely recognized or accurate reference. The question lacks clarity on the exact film title or context, and the combination of actors and roles does not align with any known 2001 movie.",['*   The Last Castle'],1,1.0
29,Which French actor features on the cover on The Smiths album The Queen is Dead,bt_3299,"['alan delon', 'alain fabien maurice marcel delon', 'alain delon']",Undetermined lexicons or references,underspecified,"The request is underspecified because the cover of *The Queen is Dead* by The Smiths features a symbolic image (a young woman in a red dress) rather than a real person or actor. The question assumes the presence of a real individual, which is not accurate. Additionally, the term ""French actor"" introduces a referent that does not align with the actual cover art, making the question based on a misunderstanding.",['*   Alain Delon'],1,1.0
30,Give a year in the life of Irish playwright and poet John Millington Synge.,odql_11414,['1871 1909'],Missing necessary components,underspecified,"The request is underspecified because it does not clarify which specific year in Synge's life is being referred to. While ""a year in the life"" could imply a general overview, it could also refer to a specific year (e.g., 1889, 1907, or 1920), which is critical for providing accurate historical context. Without specifying the year, the referent remains ambiguous.","[""*   **January 1907:** His most famous play, *The Playboy of the Western World*, premiered at the Abbey Theatre in Dublin.\n*   **Late January 1907:** The play's premiere sparked riots and protests, lasting for several nights, due to its controversial portrayal of Irish peasants.\n*   **Throughout 1907:** Synge defended his work and artistic vision amidst the public outcry and criticism.\n*   **Personal Life:** His health, already fragile from Hodgkin's disease, continued to decline, though he remained actively involved with the Abbey Theatre.\n*   **Engagement:** He was engaged to actress Molly Allgood, who performed in his plays.""]",0,0.0
31,‚ÄòLofsongur‚Äô is the national anthem of which country?,qb_766,"['iceland', 'iso 3166 1 is', 'ice land', 'land of ice and snow', 'icelandic isles', '√≠sland', 'mainland iceland', 'icedland', 'island of iceland', 'l√Ω√∞veldi√∞ √≠sland', 'republic of iceland', 'hyui', 'icealnd', 'ijsland', 'lydveldid island']",Undetermined lexicons or references,underspecified,"The request is underspecified because the term ‚ÄúLofsongur‚Äù is not a recognized or widely known national anthem in any country. Without a clear referent or established association, the question lacks a valid basis for identification.",['*   Iceland'],1,1.0
32,Mary Arden had a famous son. Who was he?,qf_2048,"['shakespearean', 'shakespeere', 'william shakespear', 'shakspere william', 'bill shakespeare', 'william shekspere', 'willaim shakespear', 'shakesepare', 'shakespearian literature', 'will shakespeare', 'vvilliam shake·∂òpeare', 'shakespeare s biography', 'shake≈øpeare', 'william shakspere', 'william shakspeare', 'william shakespeare s', 'gulielmus shakspere', 'william shakespere', 'shakespeare', 'shakespeare s', 'vvilliam shake≈øpeare', 'william skakespeare', 'shake speare', 'william shakespare', 'shakespare', 'william shakesphere', 'shakespeares', 'william shake speare', 'william shakespeare', 'history of shakespearan art', 'w shakespeare', 'sheikh zubeir', 'shakespeareana', 'william shakespeare biography', 'bill shakespear', 'shakesphere', 'shakespeare wm', 'williamshakespeare', 'shakespearean theatre', 'shakespere', 'shakspeare', 'swan of avon', 'wiliiam shakespear', 'william shakepeare', 'shakespearian', 'shakespire', 'sweet swan of avon', 'shakesepere', 'wm shakespeare', 'bard of avon', 'vviliam shakespeare', 'billy shakes', 'shakespears']",Undetermined lexicons or references,underspecified,"The request is underspecified because the referent ""Mary Arden"" is not clearly defined. While there are historical or fictional figures named Mary Arden, the question lacks sufficient context to determine which specific individual is being referenced. Without clarifying the intended referent, the answer cannot be definitively determined.",['*   William Shakespeare'],1,1.0
33,What controversial relic went on display in 2010 in the Italian city whose name it bears?,bb_965,"['22john p jackson 22', 'shroud of turin', 'sindonology', 'turin shroud', 'holy shroud', 'sindone of turin', 'shroud of jesus', 'john p jackson', 'turin shrouds', 'holy winding sheet']",Undetermined lexicons or references,underspecified,"The request is underspecified because the phrase ‚ÄúItalian city whose name it bears‚Äù is ambiguous. It could refer to a city named after a relic (e.g., a city named after a historical artifact), or it could refer to a relic displayed in a city that shares its name with the relic (e.g., a relic named after a city). Without clarification, the referent is unclear.",['*   Shroud of Turin'],1,1.0
34,Which British Prime Minister married Clementine Hozier on September 12th 1908?,wh_1524,"['winston churchill', 'winston churchil', 'sir churchill', 'winnie churchill', 'honourable sir winston spencer churchill', 'winston leonard spencer', 'sir winston churchill', 'marigold frances churchill', 'winston churchill mp', 'winston churchilll', 'winston churchhill', 'winston leonard spencer churchill', 'sir winston hcurchill', 'sir winston leonard spencer churchill', 'prime minister churchill', 'tango cat', 'w s churchill', 'churchill w s', 'focus', 'sir winston', 'churchill', 'wl spencer churchill', 'winston spencer churchill', 'death and state funeral of winston churchill', 'w churchill', 'churchill winston', 'churchillian', 'winston spencer', 'chuurchill', 'winston leonard churchill', 'state funeral of winston churchill', 'colonel warden', 'marigold churchill']",Undetermined lexicons or references,underspecified,"The request is underspecified because the date provided (September 12th, 1908) conflicts with historical records. William Ewart Gladstone, who married Clementine Hozier, was Prime Minister from 1868 to 1874 and again from 1880 to 1885. He died in 1898, making the 1908 date impossible. The question contains a factual inconsistency, leaving the referent ambiguous or incorrect.",['*   Winston Churchill'],1,1.0
35,"What criminal offence took place in Cheddington, Buckinghamshire in August (8th) 1963?",qf_1615,"['great train robbery film', 'great train robbery disambiguation', 'great train robbery 1903 movie', 'great train robbery movie', 'great train robbery']",Undetermined lexicons or references,underspecified,"The request is underspecified because the referent ‚ÄúCheddington, Buckinghamshire‚Äù is not clearly defined, as there are multiple places with similar names. Additionally, the specific event on August 8th, 1963, is not clearly identified, leaving the question underspecified.",['*   Great Train Robbery'],1,1.0
36,"""Which writer is considered to have been the first to use the term """"cold war"""" in articles in 1945 and 1946?""",sfq_4762,"['eric blair', 'g orwell', 'eric arthur blair', 'geoge orwell', 'e blair', 'george orwell', 'arthur blair', 'orwell day', 'p s burton', 'orwell george', 'george eric blair orwell']",Undetermined lexicons or references,underspecified,"The request is underspecified because the term ""cold war"" was not in common use in 1945 or 1946, and the first documented use of the term in the context of the Cold War occurred later (e.g., 1947). The question assumes a referent that does not exist in the specified timeframe, making the query factually inaccurate and ambiguous. Additionally, the term ""cold war"" was not yet coined in those years, so the referent is unclear.",['*   George Orwell'],1,1.0
37,Which country defeated the Ivory Coast to win football's Africa Cup of Nations?,odql_2370,"['culture of zambia', 'sport in zambia', 'zamibia', 'zambian cuisine', 'people of zambia', 'name of zambia', 'republic of zambia', 'iso 3166 1 zm', 'etymology of zambia', 'cuisine of zambia', 'zambia', 'health care in zambia', 'zambian people', 'zambians']",Missing necessary components,underspecified,"The request is underspecified because it lacks a specific year or edition of the Africa Cup of Nations, which is necessary to determine the correct answer. The Ivory Coast has participated in multiple tournaments, and the outcome (defeating them) varies by year. Without specifying the tournament, the question cannot be answered definitively.",['*   Zambia'],1,1.0
38,What is the name of the German anti-Islamisation group that organised a march in Newcastle last month (March 2015)?,odql_583,"['pegida', 'd√ºgida', 'patriotische europaeer gegen die islamisierung des abendlandes', 'patriotic europeans against islamisation of occident', 'patriotische europaer gegen die islamisierung des abendlandes', 'patriotic europeans against islamization of occident', 'dagida', 'patriotic europeans against islamisation of west', 'bogida', 'patriotische europ√§er gegen die islamisierung des abendlandes', 'legida', 'fragida', 'patriotic europeans against islamization of west', 'k√∂gida']",Undetermined lexicons or references,underspecified,"The request is underspecified because the referent ‚Äúwe‚Äù is ambiguous, as it could refer to multiple parallel countries depending on the user‚Äôs location or national identity. Without specifying which country is meant, the question remains underspecified.",['*   PEGIDA'],1,1.0
39,In which range of hills is the Cheddar Gorge?,sfq_23524,"['mendip hills aonb', 'mendip hills', 'mendips']",Undetermined lexicons or references,underspecified,"The request is underspecified because the phrase ‚Äúrange of hills‚Äù is ambiguous in the context of Cheddar Gorge, which is a gorge in the Cheddar Valley, not a hill range. The question assumes a geographical relationship that may not exist, and the referent (Cheddar Gorge) is clear, but the term ‚Äúrange of hills‚Äù introduces a potential misalignment with the actual topography. Without clarification on the intended geographic context, the question remains underspecified.",['*   Mendip Hills'],1,1.0
40,"""What 1998 film diected by Peter Weir , was advertised with the tag line """"On The Air, Unaware""""?""",odql_13391,"['in case i don t see you good afternoon good evening and good night', 'truman burbank', 'truman show film', 'truman show']",Undetermined lexicons or references,underspecified,"The request is underspecified because the tagline ‚ÄúOn The Air, Unaware‚Äù is not associated with any known 1998 film directed by Peter Weir. While Peter Weir directed several films in 1998 (e.g., *The Truman Show*), the tagline provided does not match any of them. The referent is unclear due to the incorrect or non-existent tagline, making the question underspecified.","['*   ""The Truman Show""']",1,1.0
41,Which actress featured in both autumn dramas River and Unforgotten?,dpql_825,['nicola walker'],Undetermined lexicons or references,underspecified,"The request is underspecified because the term ""River"" is ambiguous and could refer to multiple parallel shows (e.g., ""Riverdale,"" ""River's End,"" or other lesser-known series). Without clarifying which specific show is intended, the referent remains unclear, making the question underspecified.",['*   Nicola Walker'],1,1.0
42,Which river rises in Huyton and meets the coast at Hightown?,sfq_17520,"['alts', 'alt', 'alt disambiguation']",Undetermined lexicons or references,underspecified,"The request is underspecified because the referents ""Huyton"" and ""Hightown"" are not clearly defined or recognized geographic locations, and there is no established river known to rise in one and meet the coast at the other. Without confirming the existence or specific context of these locations, the question lacks a clear referent.",['*   River Alt'],0,0.6666666667000001
43,What is the name for a hare's nest?,qw_10908,"['forms disambiguation', 'forms', 'form disambiguation', 'form']",Undetermined lexicons or references,underspecified,"The request is underspecified because the term ""hare's nest"" can refer to multiple distinct concepts: (1) the burrow or habitat of a hare, or (2) a type of sweet dessert (a fluffy, baked treat). Without clarifying which meaning is intended, the question lacks a clear referent and remains ambiguous.",['*   Form'],1,1.0
44,Lupine relates to which animal?,qb_3400,"['grey wolves', 'gray wolf anatomy', 'she wolf', 'reproductive behavior of wolves', 'wolf evolution', 'gray wolves', 'wolves mating', 'wolf intelligence', 'gray wolf reproductive physiology and life cycle', 'wolf territories', 'forest wolf', 'canis lupus', 'wolves', 'grey wolf', 'wolf mating', 'mating wolves', 'eastern beringia', 'gray wolf', 'primary food of gray wolf', 'wolve', 'wolf anatomy', 'wolf territory', 'üê∫', 'wolf', 'sexual behavior of wolves', 'scent marking in wolves', 'southern wolf', 'wolf hybrid', 'migration patterns of gray wolf', 'loafer wolves', 'territorial behavior of gray wolves', 'southern wolves', 'c lupus', 'sexual behavior of gray wolves', 'shewolf']",Undetermined lexicons or references,underspecified,"The request is underspecified because ""lupine"" refers to a plant genus (a type of flowering plant) and not an animal. The question assumes a relationship between ""lupine"" and an animal, which is factually incorrect. Without clarification or correction of the referent, the question remains based on a misaligned premise.",['*   Wolf'],1,1.0
45,What fictional spy show showcases the dysfunctional International Secret Intelligence Service (ISIS)?,qg_4216,"['toxophilite', 'archery', 'bowmanship', 'endong', 'bowmen', 'archer comics', 'archeress', 'archers', 'primitive archery', 'toxopholite', 'archerie', 'national archery in schools program', 'indoor archery', 'para archery', 'butt shooting', 'toxophily', 'archer', 'anchor point archery', 'archers disambiguation', 'archery range', 'villavar tamils', 'paralympic archery']",Undetermined lexicons or references,underspecified,"The request is underspecified because the term ""International Secret Intelligence Service (ISIS)"" is not a recognized fictional agency in popular media. While ""ISIS"" is a real-world terrorist organization, the user likely refers to a fictional entity, but no well-known spy show explicitly features a ""dysfunctional ISIS."" The referent is ambiguous, and the question lacks clarity on the intended fictional context or show.",['*   Archer'],1,1.0
46,"As at November 2007, who is the Shadow Home Secretary?",sfq_570,"['david davis', 'david davis disambiguation', 'david l davis', 'dave davis', 'david davis politician', 'davis david']",Undetermined lexicons or references,underspecified,"The request is underspecified because the term ""Shadow Home Secretary"" is specific to the UK's political structure, but the question does not clarify which country is being referenced. Without specifying the nation, the referent remains ambiguous, as other countries (e.g., Canada, Australia) have different political roles with similar names. Additionally, the date ""November 2007"" is fixed, but the lack of country context prevents a definitive answer.",['*   David Davis'],1,1.0
47,Lawrence Sheriff founded which famous school in 1567?,odql_15063,"['rugby disambiguation', 'rubgy', 'rugby']",Undetermined lexicons or references,underspecified,"The request is underspecified because the referent ‚ÄúLawrence Sheriff‚Äù is ambiguous. It could refer to a historical figure, a fictional character, or a person with a similar name. Additionally, the year 1567 is far in the past, and the school in question is not well-documented in historical records, making the question underspecified.",['*   Rugby School'],0,0.6666666667000001
48,"Who, during a radio microphone test in 1984 said, 'I just signed legislation which outlaws Russia forever The bombing begins in five minutes?",sfq_7537,"['reagan ronald wilson', 'reaganesque', 'ronald raegan', 'ronald reagon', 'ronald reagan s alzheimer s letter', 'ronald reagan', 'ronald w reagan', 'president reagan', 'reagan', 'reaganite', 'ronnie reagan', 'public image of ronald reagan', 'ronald reagen', 'reagan president', 'ronald regean', 'ronald regan', 'ronald wilson reagan', 'dutch reagan', '40th president of united states', 'reagen', 'ronald reagan presidential campaign 1976', 'ronaldus magnus', 'president regan', 'president ronald reagan', 'ronal reagan', 'ronald reagan centennial commission', 'health of ronald reagan', 'ronald raegen', 'cultural and political image of ronald reagan', 'reaganian', 'ronald reagan centennial commission act', 'reagan ronald']",Undetermined lexicons or references,underspecified,"The request is underspecified because the phrase ""radio microphone test in 1984"" lacks clarity on the specific event, context, or source. The quote provided is likely fictional or from a specific media reference (e.g., a movie, TV show, or satirical work), but the referent is ambiguous without additional context. The question relies on external knowledge to identify the exact event, which is not explicitly provided.",['*   Ronald Reagan'],1,1.0
49,What is the small club used for killing landed fish called,bt_2552,"['priest film', 'priest', 'priest movie', 'priest disambiguation']",Undetermined lexicons or references,underspecified,"The request is underspecified because the term ""club"" is not a standard or widely recognized term for a fishing tool used to kill landed fish. The referent is unclear, as ""club"" could be interpreted in multiple ways (e.g., a physical object, a metaphorical term, or a regional term). Without clarification, the question lacks a clear referent or standard.",['*   Priest'],1,1.0
50,"Which word completes the title of a Marina Lewycka book: 'A Short History Of ....', in Ukrainian?",odql_5737,"['row crop', 'compact utility tractor', 'agricultural vehicles', 'tractor model', 'great tractor wars', 'agrotractor', 'steam negro', 'great tractor war', 'üöú', 'nebraska tractor test', 'rowcrop', 'tractor safety', 'row crop tractors', 'farm tractor', 'tractors', 'agricultural tractor', 'tractor war', 'classic tractor', 'tractor', 'tractor wars', 'row crop tractor', 'agricultural tractors']",Undetermined lexicons or references,underspecified,"The request is underspecified because the phrase ""A Short History Of ..."" is incomplete, and the missing word depends on the specific book title. While ""A Short History of the World"" is a well-known work by Marina Lewycka, the user‚Äôs question lacks clarity on whether the title is in English or Ukrainian, and whether the missing word refers to the subject (e.g., ""the World"") or the translation. Without specifying the exact title or context, the referent remains ambiguous.",['*   –¢—Ä–∞–∫—Ç–æ—Ä—ñ–≤'],0,0.0
51,In which events did Gert Fredriksson win six Olympic gold medals?,tc_1730,"['canoeing', 'canoeist', 'canoer', 'paddler', 'canoe flatwater racing', 'canoers', 'flatwater', 'canoing', 'competitive canoeing', 'flatwater canoeing']",Undetermined lexicons or references,underspecified,"The request is underspecified because the referent ""Gert Fredriksson"" is not a recognized Olympic athlete, and there is no verified historical record of an athlete with this name winning six Olympic gold medals. The question relies on a non-existent or misidentified referent, making it impossible to provide a factual answer.","['*   K1 1000m (1948, 1952, 1956)\n*   K1 10000m (1948, 1956)\n*   K2 1000m (1956)']",0,0.0
52,"What proper noun links titles by Bjork, Bananarama, Shocking Blue and Mark Wynter?",dpql_5795,['venus'],Undetermined lexicons or references,underspecified,"The request is underspecified because the term ‚Äúproper noun‚Äù is ambiguous in this context. It could refer to a specific name, a title, or a shared term that links the artists, but without further clarification, the referent is unclear.",['*   Venus'],1,1.0
53,"French for an additive, and a Venezuelan liberator of Ecuador, Bolivia and Peru from Spain, what was the currency of Ecuador before adopting the US dollar in the early 2000s?",bb_1793,"['chuquisaca sucre', 'sucre bolivia', 'sucre chuquisaca', 'sucre', 'historic city of sucre', 'constitutional capital of bolivia', 'sucre city', 'sucre oropeza', 'sucer']",Undetermined lexicons or references,underspecified,"The request is underspecified because the phrase ""French for an additive"" is irrelevant to the question about Ecuador's currency, and the mention of a ""Venezuelan liberator"" introduces extraneous context that does not affect the currency question. The core request is clear (Ecuador's pre-US dollar currency), but the inclusion of unrelated details complicates the interpretation. The user may have intended to test whether the assistant can focus on the main query despite extraneous information.",['*   Additif\n*   Sim√≥n Bol√≠var\n*   Sucre'],0,0.4
54,What is a ‚ÄúScotch Bonnet‚Äù?,qg_3158,"['green chilies', 'chili peppers', 'hot pepper', 'chili pepper', 'hot peppers', 'chile peppers', 'red chillies', 'chilly pepper', 'green chile', 'green chili', 'green chillies', 'dahon ng sili', 'chile capsicum', 'chilli pepper', 'chile pepper', 'chilli peppers', 'red chile', 'red chili', 'chillies', 'chilli', 'gochoo', 'üå∂', 'chili capsicum']",Undetermined lexicons or references,underspecified,"The request is underspecified because the term ""Scotch Bonnet"" can refer to multiple distinct concepts: a type of chili pepper or a type of hat. Without clarifying which referent is intended, the question remains ambiguous and requires additional context to resolve.",['*   A type of chili pepper\n*   Known for its extreme heat\n*   Commonly used in Caribbean cuisine'],0,0.25
55,"Which car manufacturer produces models called Concerto, Inspire, Legend, Torneo, etc?",sfq_9379,"['honda werther', 'Êú¨Áî∞', 'soltec', 'honda soltec', 'honda motor manufacturing', 'honda atv', 'honda technologies', 'honda corporation', 'hero honda passion plus', 'honda motorcycle', 'honda motorcycles', 'honda 300ex', 'honda motor company', 'honda primo', 'honda group', 'honda motor co ltd', 'honda motor co', 'honda verno', 'honda clio', 'honda motor company limited', 'honda cl145', 'honda outboard', 'honda motor company inc', 'cbr 150', 'honda', 'honda automobile', 'honda motor']",Undetermined lexicons or references,underspecified,"The request is underspecified because the car models listed (Concerto, Inspire, Legend, Torneo, etc.) are not all associated with a single manufacturer. For example, ""Inspire"" is a Honda model, ""Legend"" is a Ford model, and ""Torneo"" is a Fiat model. Without clarifying which specific models or manufacturer is intended, the question lacks a clear referent and requires additional context to resolve ambiguity.",['*   Honda'],1,1.0
56,'Cape Cod Salad' is an exotic summer dish centred,odql_686,['lobster'],Undetermined lexicons or references,underspecified,"The request is underspecified because the phrase ‚Äúentred‚Äù is incomplete and lacks a clear referent, making it impossible to determine the exact focus of the dish. Additionally, the phrase ‚Äúexotic summer dish‚Äù is vague and could refer to multiple interpretations, leaving the question underspecified.",['*   Cranberries'],0,0.0
57,Who was the author of 'The Overloaded Ark'?,qf_567,"['gerald malcolm durrell', 'gerald m durrell', 'gerry durrell', 'gerald durrell']",Undetermined lexicons or references,underspecified,"The request is underspecified because the title ""The Overloaded Ark"" does not correspond to a widely recognized or established book, making it unclear whether the reference is to a real work, a fictional title, or a misspelling of a known book. Without additional context or clarification, the referent remains ambiguous.",['*   Gerald Durrell'],1,1.0
58,What type of tree was Newton supposedly sitting under when he formulated his theory of gravity?,qf_3499,"['apple fruit', 'ÿ≥€éŸà', 'malus pumila', 'apple trees', 'üçè', 'malus domesticus', 'apple blossom', 'apples and teachers', 'dried apple', 'aplle', 'apple', 'malus communis', 'apple tree', 'pyrus malus', 'culture of apple', 'apple popularity', 'apple peel', 'nutritional information about apple', 'apple day', 'appleblossoms', 'üçé', 'malus domestica', 'apples', 'apple production', 'appleblossom', 'apple nutritional information', 'green apples', 'green apple', 'apple blossoms']",Undetermined lexicons or references,underspecified,"The request is underspecified because the phrase ""supposedly sitting under"" implies a historical legend rather than a verified fact. While the common narrative associates Newton with an apple tree, there is no definitive historical record specifying the exact species or tree. The referent (""the tree"") is tied to a myth, not a concrete historical event, leaving the answer ambiguous without additional context.",['*   Apple tree'],1,1.0
59,Who was the author of 'The Thorne Birds'?,qf_1204,"['colleen mccullough', 'colleen mccullough robinson', 'colleen mccollough']",Undetermined lexicons or references,underspecified,"The request is underspecified because the title ""The Thorne Birds"" is not a recognized or widely known book, leaving the referent ambiguous. Without confirmation of the book's existence or authorship, the question cannot be resolved definitively.",['*   Colleen McCullough'],1,1.0
60,What was the first hospital soap opera on ITV,bt_4197,"['emergency ward ten', 'emergency ‚Äì ward 10', 'emergency ward 10', 'oxbridge general']",Undetermined perspective or granularity,underspecified,"The request is underspecified because the term ‚Äúfirst‚Äù can be interpreted from multiple perspectives, such as the first hospital soap opera in the history of ITV or the first hospital soap opera in a specific year. Without specifying the intended perspective, the question remains underspecified.",['*   Emergency - Ward 10'],1,1.0
61,What physics term refers to the largely prohibited selling method by which customers are said to have agreed to buy something unless they refuse unsolicited goods or services?,bb_9098,"['principle of inertia', 'galileo principle', 'inertia of rest', 'inertias', 'history of law of inertia', 'galileo s principle', 'types of inertia', 'inertia', 'principle of inertia physics']",Undetermined lexicons or references,underspecified,"The request is underspecified because the described scenario (unsolicited goods/services and coerced agreement) is not a recognized physics concept. The question conflates marketing/sales practices with physics terminology, which lacks a direct or standard term in physics to describe this phenomenon. The referent is misaligned with the field of physics, making the question underspecified.",['*   Inertia'],1,1.0
62,A Paris grocer was jailed for two years in 1978 stabbing wife what?,qf_2971,['wedge of hard cheese'],Missing necessary components,underspecified,"The request is underspecified because the phrase ‚Äúwhat?‚Äù is a placeholder for an omitted question, making the referent unclear. The sentence structure is incomplete, and the missing component is the specific question that the phrase ‚Äúwhat?‚Äù is meant to answer. Without this, the question is underspecified.",['*   knife'],0,0.0
63,"Who's missing: George Costanza, Elaine Bennes, Cosmo Kramer",qg_2596,"['jerome seinfeld', 'jerome 22jerry 22 seinfeld', 'jerry seinfield', 'jerry sienfeld', 'jerry seinfeld']",Undetermined lexicons or references,underspecified,"The request is underspecified because the phrase ‚ÄúWho's missing‚Äù is ambiguous without context. It could refer to a specific episode, joke, or scenario from *Seinfeld* where these characters are absent, but the question lacks the necessary contextual anchor to determine the intended reference. Additionally, the names provided (George Costanza, Elaine Benes, Cosmo Kramer) are all characters from *Seinfeld*, but the question does not clarify which one is missing or the specific scenario.",['*   Jerry Seinfeld'],1,1.0
64,What is the subject of the Surgeon's Photograph of 1934,bt_1378,"['lnpib', 'nessie dragon', 'loch ness monster', 'loch ness investigation bureau', 'loch ness leviathan', 'surgeon s photo', 'lochness monster', 'loche ness monster', 'nessie', 'nessology', 'nessy dragon', 'niseag', 'locless monster', 'lockness monster', 'nessy', 'lock ness monster', 'nessiteras rhombopteryx', 'nessie loch ness monster', 'surgeon s photograph', 'monster of loch ness', 'nessiteras', 'operation deepscan', 'lochness monsters', 'nessie name']",Undetermined lexicons or references,underspecified,"The request is underspecified because the phrase ‚ÄúSurgeon's Photograph of 1934‚Äù lacks clarity on the specific referent. Without additional context (e.g., the photographer, the surgical procedure, or the historical event), the term is ambiguous and could refer to multiple parallel images or interpretations. The referent is not uniquely identifiable, making the question underspecified.",['*   Loch Ness Monster'],1,1.0
65,Whose 1995 best seller argues that our universe is part of a super universe?,sfq_13219,"['steven hawkins', 'stephen hawking', 'stephan hawking', 'steven hawkings', 'steven hawkin', 'stephen william hawking', 'stephen hawkings', 'stephen hawkins', 'steven hawking', 'stephen w hawking', 'top down cosmology', 'isobel hawking', 's w hawking', 'steven w hawking', 'stephen hawking space', 'steve hawking', 'hawking stephen', 'frank hawking', 'stephen hawkin', 'hawking stephen william', 'steveen hawking']",Undetermined lexicons or references,underspecified,"The request is underspecified because the phrase ‚Äú1995 best seller‚Äù can refer to multiple parallel works depending on the specific field (e.g., science fiction, nonfiction) and the criteria for ""best seller"" (e.g., sales, critical acclaim). Additionally, the argument about a ""super universe"" is a specific theoretical claim that may be associated with multiple books, but without clarifying the exact work or its context, the referent remains ambiguous.",['*   Michio Kaku'],0,0.0
66,What was the name of the ferry in the Zeebrugge disaster of 1987,bt_315,"['herald of free enterprise', 'flushing range', 'zeebrugge ferry disaster', 'imo 7820485', 'ms herald of free enterprise', 'm s herald of free enterprise', 'zeebrugge disaster']",Undetermined lexicons or references,underspecified,"The request is underspecified because the Zeebrugge disaster of 1987 is not a historically recognized event. The Zeebrugge incident refers to the 1919 naval battle, not 1987. Without clarifying the correct historical event or date, the referent remains ambiguous and the question is based on incorrect premises.",['*   Herald of Free Enterprise'],1,1.0
67,'Cape Cod Salad' is an exotic summer dish centred,odql_686,['lobster'],Undetermined lexicons or references,underspecified,"The request is underspecified because the phrase ‚Äúentred‚Äù is incomplete and lacks a clear referent, making it impossible to determine the exact focus of the dish. Additionally, the phrase ‚Äúexotic summer dish‚Äù is vague and could refer to multiple interpretations, leaving the question underspecified.",['*   Cranberries'],0,0.0
68,Who played ¬ëAunty Entity' in the film 'Mad Max Beyond the Thunderdome'?,qz_5898,"['tinna turner', 'tina turner s', 'tina turner', 'tina tuner', 'anna bullock', 'annie mae bullock', 'anna mae bullock']",Undetermined lexicons or references,underspecified,"The request is underspecified because the character ""Aunty Entity"" is not a recognized character in the 1985 film *Mad Max: Beyond Thunderdome*. The term may refer to a character from a different film (e.g., *Mad Max: Fury Road*), but the title provided does not align with the referent. Without clarification on the correct film or character, the question remains ambiguous.",['*   Tina Turner'],1,1.0
69,Which actress played Queen Victoria in the 1970s TV drama Edward the Seventh?,sfq_18522,"['annette crosby', 'annette crosbie']",Undetermined lexicons or references,underspecified,"The request is underspecified because the phrase ""Edward the Seventh"" is not a recognized historical or fictional title, and there is no established TV drama from the 1970s that features Queen Victoria as a central character. The referent is unclear, and the question lacks a valid historical or cultural context to determine the intended answer.",['*   Annette Crosbie'],1,1.0
70,What is Bedloes Island in the USA used for?,qw_3129,"['statue of liberty', 'free woman', 'frederick r law', 'freiheitsstatue', 'mother of exiles', 'statue liberty', 'azadliq statue', 'liberty statue', 'staute of liberty', 'liberty enlightening world', 'statue of liberty usa', 'üóΩ', 'liberty statue of', 'fort wood national monument']",Undetermined lexicons or references,underspecified,"The request is underspecified because the term ""Bedloes Island"" could refer to multiple parallel entities, such as the Bedloes Island in the St. Lawrence River (near the Canadian border) or a smaller, less-known island in the USA. Without clarifying the specific location or context, the intended use (e.g., historical significance, recreational use, or natural reserve) remains ambiguous.",['*   Statue of Liberty National Monument\n*   Liberty Island'],0,0.6000000000000001
71,Of which Saxon kingdom was Offa a King?,dpql_1865,"['mercians', 'kingdom of iclingas', 'mercia', 'flag of mercia', 'miercna', 'mierce', 'kingdom of mercia']",Undetermined lexicons or references,underspecified,"The request is underspecified because the term ""Saxon kingdom"" is ambiguous. Offa was a king of the Mercian kingdom, not the Saxon kingdom. The question conflates two distinct historical entities (the Saxons and the Mercians), and the referent ""Saxon kingdom"" is not accurate for Offa. Without clarification on the intended referent (e.g., ""Mercian kingdom""), the question remains underspecified.",['*   Mercia'],1,1.0
72,"""What type of clothing is a """"sou-wester""""?""",qw_3601,"['hatbands', 'puggaree', 'hat', 'hat size', 'hats', 'üëí', 'hat bands', 'hat band', 'paper hat', 'hatband', 'types of hats', 'titfer', 'sweatband hat', 'brim hat']",Undetermined lexicons or references,underspecified,"The term ""sou-wester"" is not a widely recognized or standard clothing term, and its definition can vary depending on context or regional usage. Without a clear, universally accepted reference, the question remains underspecified due to potential ambiguity in the term's meaning.",['*   A waterproof hat'],0,0.6666666667000001
73,"Apart from London, in which other British city is there a Charing Cross?",sfq_6023,"['glasgow lanarkshire', 'un locode gbglw', 'west end of glasgow', 'glasgow scotland', 'city of glasgow scotland', 'glasgow', 'south side glasgow', 'glasgow united kingdom', 'glasgo', 'glasgow west end', 'glasgow city council area', 'glesca', 'glesga', 'east glasgow', 'glasgae', 'weather in glasgow', 'west end of glasgow glasgow united kingdom', 'glasgow district', 'glasgow uk', 'north glasgow', 'city of glasgow local government district strathclyde region', 'south glasgow', 'cathures', 'glasgow city', 'city of glasgow council area', 'glasweigan', 'glasgow s west end', 'glaswegians', 'west glasgow', 'city of glasgow', 'south east glasgow', 'east end glasgow', 'glaschu', 'glesgae', 'east end of glasgow']",Undetermined lexicons or references,underspecified,"The request is underspecified because the term ""Charing Cross"" is uniquely associated with London, and there are no other British cities with a Charing Cross. The question assumes the existence of an alternative location, which is factually incorrect. While the referent is clear (Charing Cross in London), the question's phrasing implies the possibility of other locations, which does not exist. This creates ambiguity in the context of the query.",['*   Glasgow'],1,1.0
74,On which course were 'The Home of Racing Handicap Stakes' and 'The Rowley Mile Maiden Stakes' run at the end of May?,odql_6831,"['newmarket', 'newmarket disambiguation']",Undetermined lexicons or references,underspecified,"The request is underspecified because the phrase ‚Äúend of May‚Äù is not a precise date, and the referent ‚ÄúThe Home of Racing Handicap Stakes‚Äù and ‚ÄúThe Rowley Mile Maiden Stakes‚Äù are not clearly defined or standardized terms. Without additional context or clarification, the question remains underspecified.",['*   Newmarket'],1,1.0
75,"""Who coined the phrase """"the unpleasant and unacceptable face of capitalism""""?""",odql_8694,"['edward heath', 'shadow cabinet of edward heath 1974‚Äì1975', 'shadow cabinet of edward heath ii', 'edward r g heath', 'ted heath', 'edward richard george heath', 'sir edward heath']",Undetermined lexicons or references,underspecified,"The request is underspecified because the phrase ‚Äúthe unpleasant and unacceptable face of capitalism‚Äù is not a widely recognized or documented phrase with a clear, unambiguous origin. Without specifying the source (e.g., a book, speech, or author), the referent remains ambiguous, and the question lacks the necessary contextual information to identify the exact person who coined it.",['*   Edward Heath'],1,1.0
76,"Are you going to come quietly, or do I have to use earplugs?",qz_5410,"['terence alan patrick se√°n milligan', 'terence alan patrick se√°n milligan kbe', 'spike milligan']",Undetermined standard or preference,underspecified,"The request is underspecified because it is a rhetorical question that does not have a factual or logical answer. The question is not asking for a factual or procedural response but rather for a hypothetical or interpretive one, which is not within the scope of the system's capabilities.",['*   I am an AI and do not have a physical presence.'],0,0.0
77,Macbeth belonged to which royal house or dynasty?,qz_2717,"['macmalcolm', 'canmore dynasty', 'canmores', 'dunkeld dynasty', 'house of canmore', 'house of dunkeld']",Undetermined lexicons or references,underspecified,"The request is underspecified because the phrase ""belonged to"" can refer to multiple parallel referents: either the fictional character Macbeth from Shakespeare's play or the historical figure Macbeth of Scotland. The answer depends on which context is intended, and the question lacks clarity on this distinction. Additionally, the term ""royal house or dynasty"" could refer to different entities depending on the referent (e.g., the House of Duncan in the play or the House of Macbeth in history).",['*   House of Alpin'],0,0.6666666667000001
78,The books 'The Edge of Reason' and 'Mad About The Boy' are sequels to which novel?,sfq_20142,"['bridget joneses diary', 'bridget jones diary', 'bridget joness diary', 'diary of bridget jones', 'bridget jones s diary']",Undetermined lexicons or references,underspecified,"The request is underspecified because the phrase ""sequels to which novel"" assumes the existence of a prior novel, but ""The Edge of Reason"" is the first book in the series, and ""Mad About The Boy"" is its sequel. The question implies a single preceding novel, which is not the case. Without clarification on the intended series or context, the referent remains ambiguous.","[""*   Bridget Jones's Diary""]",1,1.0
79,Motor Racing. Which team has announced that they are to withdraw from Formula One racing at the end of the year?,odql_14010,"['bmw z2', 'bavarian motor works', 'bayerische motoren werke', 'motoren werke ag', 'connecteddrive', 'bmw v series', 'bayrische motoren werke', 'bmw automobile', 'bmw motorcyc le clubs', 'bmw model designations', 'bmw group', 'bmw ag', 'bmw motorcycle clubs', 'bayerische motorenwerke', 'b m w g', 'bmw company', 'bayer motoren werke', 'bayerische motoren werke gmbh', 'b m w', 'bmw korea', 'bayerische motoren werke ag', 'bmw']",Missing necessary components,underspecified,"The request is underspecified because it does not clarify the specific year or timeframe for the ""end of the year,"" leaving the question open to interpretation. Additionally, the referent ""team"" is not explicitly tied to a specific organization, as multiple Formula One teams could potentially announce withdrawals. Without a clear temporal anchor or specific team name, the question lacks necessary components to provide a definitive answer.",['*   Honda'],0,0.0
80,"Which 2009 movie, the directorial debut of Sam Taylor-Wood, tell the story of the adolescence of John Lennon?",sfq_9130,['nowhere boy'],Undetermined lexicons or references,underspecified,"The request is underspecified because the phrase ""the adolescence of John Lennon"" is historically inaccurate ‚Äî John Lennon was not a teenager during the time period in question, and no 2009 film directed by Sam Taylor-Wood tells the story of his adolescence. The referent is factually incorrect, and the question contains a misalignment between the movie's subject matter and the requested narrative.",['*   Nowhere Boy'],1,1.0
81,"""What is the name of the short actor who plays the main role in the BBC2 comedy series""""Life's too short""""?""",wh_961,"['warwick ashley davis', 'warwick davies', 'warwick davis']",Undetermined lexicons or references,underspecified,"The request is underspecified because the term ""short actor"" is ambiguous and does not clearly identify the referent. The phrase could refer to an actor with a short stature, a nickname, or a descriptor unrelated to the actor's name. Additionally, the show ""Life's too short"" is not a widely recognized title, and without clarification on the specific actor or context, the referent remains unclear.",['*   Warwick Davis'],1,1.0
82,Which football manager as the nickname the bald eagle?,sfq_1784,"['jim smith disambiguation', 'jim smith', 'smith jim', 'jim smith basketball']",Undetermined lexicons or references,underspecified,"The request is underspecified because the nickname ‚Äúthe bald eagle‚Äù is not a widely recognized or standard term for any known football manager. Without additional context or clarification on which manager or league is being referred to, the referent remains ambiguous and the question cannot be definitively answered.",['*   Gian Piero Gasperini'],0,0.0
83,Who had chart hits which included Annie`s Song and Rocky Mountain High?,qz_5044,"['john deutschendorf', 'henry john deutschendorf', 'henry deutschendorf junior', 'annie denver', 'henry john deutschendorf jr', 'for baby for bobbie', 'henry deutschendorf jr', 'henry john deutschendorf junior', 'john denver', 'henry deutschendorf']",Undetermined lexicons or references,underspecified,"The request is underspecified because the phrase ""chart hits"" can refer to multiple parallel contexts (e.g., Billboard charts, other regional charts), and the referent ""Annie's Song"" and ""Rocky Mountain High"" are associated with different artists (The Everly Brothers and The Eagles, respectively). There is no single artist who has both songs as chart hits, and the question lacks clarity on whether it seeks a specific artist or a broader categorization. The ambiguity in referents and the lack of a definitive answer make the question underspecified.",['*   John Denver'],1,1.0
84,In1918 women over what age were given the right to vote?,sfq_19768,"['30', 'thirty']",Missing necessary components,underspecified,"The request is underspecified because the phrase ""In 1918"" is ambiguous in terms of which country or jurisdiction is being referred to. While the UK's Representation of the People Act 1918 granted women over 30 the right to vote, other countries had different age requirements or timelines. Without specifying the location, the referent remains ambiguous, making the question underspecified.",['*   30'],1,1.0
85,What was the name of the ferry in the Zeebrugge disaster of 1987,bt_315,"['herald of free enterprise', 'flushing range', 'zeebrugge ferry disaster', 'imo 7820485', 'ms herald of free enterprise', 'm s herald of free enterprise', 'zeebrugge disaster']",Undetermined lexicons or references,underspecified,"The request is underspecified because the referent ""the Zeebrugge disaster of 1987"" is ambiguous. The Zeebrugge disaster is most famously associated with the 1942 sinking of the French freighter *La Jeune France*, not 1987. Without clarifying the specific event or correcting the year, the referent remains unclear, and the question lacks a definitive historical context.",['*   Herald of Free Enterprise'],1,1.0
86,Horatio was a legendary Roman hero who defended a bridge against which army?,qw_8563,"['etruscan', 'etruscan disambiguation']",Undetermined lexicons or references,underspecified,"The request is underspecified because the referent ""Horatio"" is ambiguous ‚Äî it could refer to the literary character from *Hamlet* (a fictional figure) or a real historical Roman hero (whose identity is unclear). Additionally, the question lacks clarity on the specific historical or mythological context of the bridge or army being referenced, leaving the referent open to multiple interpretations.",['*   Etruscan army'],0,0.6666666667000001
87,What is the most popular natural attraction in Alaska?,qz_186,"['denali south buttress', '–±–æ–ª—å—à–∞—è –≥–æ—Ä–∞', 'mount mckinley south buttress', 'mount mckinley alaska', 'denali', 'mt denali', 'mount mckinely', 'mount mckinley', 'denali north peak', 'highest mountain in north america', 'mount mckinley east buttress', 'mt mckinley denali', 'mount mckinley north peak', 'churchill peaks', 'mount denali', 'mt mckinley', 'denali east buttress']",Undetermined standard or preference,underspecified,"The request is underspecified because the term ‚Äúmost popular‚Äù is subjective and depends on criteria such as visitor numbers, tourism statistics, or cultural significance. Additionally, Alaska has multiple natural attractions (e.g., Denali National Park, Glacier Bay, the Arctic Circle), and the answer depends on which metric defines ‚Äúpopularity.‚Äù Without clarifying the standard, the question remains open to interpretation.",['*   Denali National Park and Preserve'],0,0.33333333330000003
88,Which 1949 film was set on the Scottish island of Todday?,dpql_1111,"['whiskey galore', 'whisky galore disambiguation', 'whisky galore']",Undetermined lexicons or references,underspecified,"The request is underspecified because the referent ""Todday"" is not a recognized Scottish island, and there is no 1949 film known to be set there. The term ""Todday"" may be a misspelling or a non-existent location, making the question based on an incorrect or ambiguous referent.",['*   Whisky Galore!'],1,1.0
89,If you had two eight enders in one bonspiel what are you playing,bt_2207,"['curling sheet', 'curling rink', 'curling shoes', 'button curling', 'hammer curling', 'curling stone', 'roaring game', 'curling sport', 'curling', 'sweeping sport', 'curling broom', 'chess on ice', 'curling rock', 'history of curling', 'free guard zone']",Undetermined lexicons or references,underspecified,"The request is underspecified because the phrase ‚Äúyou had two eight enders in one bonspiel‚Äù is not a standard or recognized expression in the context of curling, and the question lacks clarity on the specific rules or context of the game being played. Without further clarification, the question remains underspecified.",['*   Curling'],1,1.0
90,Prince Calef is the male-lead in which Puccini opera?,sfq_4771,"['turandot', 'turnadot', 'turandot puccini']",Undetermined lexicons or references,underspecified,"The request is underspecified because the term ""Prince Calef"" is not a recognized character in any of Puccini's operas. While ""Calaf"" is a well-known male lead in *Turandot*, the name ""Calef"" does not correspond to any established character in Puccini's works. This ambiguity in the referent makes the question underspecified.",['*   Turandot'],1,1.0
91,"Which mammal has species called 'leopard', 'Grey' and 'Baikal'?",odql_6609,"['american navy sea air and land teams', 'us navy seal s', 'united states navy sea air and land forces', 'seal team three', 'task force blue', 'usns task force', 'greenfaces', 'armed forces navy seals', 'delta seals', 'u s navy seals', 'armed forces seal', 'american navy seals', 'sealt', 'united states navy seal s', 'seal team four', 'basic underwater demolition seal training', 'navy seal s', 'us navy seal', 'seal us navy', 'navy seal', 'armed forces navy seal', 'seals', 'navy seals', 'seal team 1', 'seal team 3', 'seal team 7', 'seal team 5', 'sea air and land teams', 'navvy seal', 'seal team eight', 'usnss', 'osama bin laden killers', 'seal team 2', 'seal', 'u s navy seal', 'seal teams', 'basic underwater demolition', 'seal team 9', 'seal team nine', 'seal team seven', 'united states navy sea air and land', 'naval commandos united states', 'seal team 8', 'usn seals', 'u s seals', 'seal team ten', 'seal team 10', 'american navy seal', 'seals us navy', 'usn principal special operations', 'seals u s navy', 'united states navy seals', 'seal team 4', 'us navy seals', 'seal team one', 'seal delivery vehicle teams', 'seal u s navy', 'united states navy seal', 'seal team two', 'seal team five']",Undetermined lexicons or references,underspecified,"The request is underspecified because the term ""Baikal"" refers to the Baikal seal (a type of seal), not a leopard subspecies. The question conflates different mammal species (leopard, grey seal, and Baikal seal), which are not part of the same taxonomic group. Without clarifying the intended referent or resolving the ambiguity between these species, the question remains underspecified.",['*   Seal'],1,1.0
92,"Which rust free cars were built in Dunmurry, Northern Ireland in the late 1970s?",sfq_8251,"['de lorean', 'delorean', 'deloreans', 'de loreans', 'delorian', 'delorean disambiguation']",Undetermined lexicons or references,underspecified,"The request is underspecified because the term ‚Äúrust free cars‚Äù is not a standard or recognized term in automotive manufacturing, and the referent ‚Äúdunmurry, Northern Ireland‚Äù is a specific location, but the question lacks clarity on what is meant by ‚Äúrust free‚Äù. Additionally, the time frame ‚Äúlate 1970s‚Äù is vague without a specific year range, making the question underspecified.",['*   DeLorean DMC-12'],0,0.6666666667000001
93,In which US city did the 2004 remake of the film Alfie take place?,odql_2412,"['us ny', 'n y', 'neo york', '11th state', 'new york state s', 'n√Ωja j√≥rv√≠k', 'new yourk', 'new york us', 'new york', 'estado nueva york', 'nova york', 'ny state', 'state new york', 'new yourk state', 'u s state of new york', 'eleventh state', 'state of n y', 'new york u s', 'new york s', 'n y u s state', 'newyork', 'new york usa state', 'new yrok', 'state of new yourk', 'state of new york', 'nyja jorvik', 'ny', 'estado de nueva york', 'religion in new york', 'nueva york estado', 'new york u s state', 'new york state', 'state of ny', 'n y state', 'us state of new york', 'nys', 'new york population', 'ny u s state']",Undetermined lexicons or references,underspecified,"The request is underspecified because the phrase ""2004 remake of the film Alfie"" refers to a film that does not exist. The 1994 version of *Alfie* was set in New York City, but there is no 2004 remake of the film. Without clarification on the correct film or its setting, the question lacks a clear referent and is therefore underspecified.",['*   New York City'],0,0.8
94,Highclere Castle in Hampshire is the filming location for which current ITV1 series?,sfq_12368,"['downtown abbey', 'donton abbey', 'downton abbey', 'lavinia swire']",Undetermined lexicons or references,underspecified,"The request is underspecified because the phrase ‚Äúcurrent ITV1 series‚Äù requires specifying the exact title or context of the show, which is not provided. Additionally, while Highclere Castle is a well-known filming location for historical dramas like *Downton Abbey* (BBC), it is not definitively linked to any current ITV1 series. Without further clarification on the specific show or its connection to Highclere Castle, the question remains underspecified.",['*   Downton Abbey'],1,1.0
95,"""What beer is advertised by """"The World's Most Interesting Man""""?""",jp_1920,"['cerveceria cuauhtemoc moctezuma', 'tecate beer', 'cerveceria cuauhtemoc montezuma', 'cerveceria cuauhtemoc', 'cuauht√©moc moctezuma brewery', 'sol beer', 'cervecer√≠a cuauht√©moc moctezuma', 'dos equis', 'carta blanca', 'indio beer', 'superior beer', 'cervecer√≠a cuauht√©moc', 'dosequis', 'cuauht√©moc moctezuma', 'xx beer', 'cuauhtemoc moctezuma brewery', 'noche buena beer']",Undetermined lexicons or references,underspecified,"The request is underspecified because the phrase ‚ÄúThe World's Most Interesting Man‚Äù refers to a fictional TV show, and the beer advertised in it is not a real-world product. The question assumes a real-world referent (a specific beer) but the show is fictional, making the referent ambiguous. Additionally, the term ‚Äúadvertised‚Äù could imply a real commercial, but the show‚Äôs fictional nature removes this possibility. Without clarification on the context or whether the beer is fictional, the question remains underspecified.",['*   Dos Equis'],1,1.0
96,The Greek architect Konstantinos Apostolos Doxiadis is best remembered for designing which Asian capital city?,odql_9944,"['isloo', 'capital city of pakistan', 'ÿßÿ≥ŸÑÿßŸÖ ÿ¢ÿ®ÿßÿØ', 'education in islamabad', 'islamabad city', 'islamabad islamabad capital territory pakistan', 'islamabad punjab', 'blue area', 'islamabad islamabad capital territory', 'islamabad downtown', 'islambad', 'islam abad', 'islaamabad', 'islamaabad', 'city of islamabad', 'islamabad cbd', 'islamabadi', 'islamabad central business district', 'pk is', 'downtown islamabad', 'islƒÅmƒÅbƒÅd', 'islamabad district', 'islamabad', 'capital of pakistan', 'islamabaad', 'islamabad pakistan']",Undetermined lexicons or references,underspecified,"The request is underspecified because the referent ""Asian capital"" is ambiguous without specifying which country or city is intended. While Konstantinos Apostolos Doxiadis is known for designing the city of Athens (Greece), this is not an Asian capital. The question conflates a Greek city with an Asian capital, creating a referential mismatch. Without clarifying the intended context or correcting the geographic error, the question remains underspecified.",['*   Islamabad'],1,1.0
97,A sequicentenary is an anniversary of how many years?,qb_3056,"['150', 'one hundred and fifty']",Undetermined lexicons or references,underspecified,"The request is underspecified because the term ""sequicentenary"" is not a recognized or standard term in English, making it impossible to determine its definition or the number of years it refers to. Without a clear referent or established meaning, the question lacks a foundational lexical or conceptual basis.","['*   ""150""']",1,1.0
